Timestamp,Gas Flow (slm),Lab Temperature (C),Lab Pressure (kPa),Gas Sensor Temperature (C),Humidity (%RH)
2026-03-27 17:48:15.2,0.0,25.6,96.8,25.2,16.6
2026-03-27 17:48:15.4,0.0,25.6,96.8,25.2,16.6
2026-03-27 17:48:15.6,0.0,25.6,96.8,25.2,16.6
2026-03-27 17:48:15.9,0.0,25.6,96.8,25.2,16.6
2026-03-27 17:48:16.0,-0.0,25.6,96.8,25.1,16.6
2026-03-27 17:48:16.1,-0.0,25.6,96.8,25.1,16.6
2026-03-27 17:48:16.1,-0.0,25.6,96.8,25.1,16.6
2026-03-27 17:48:16.3,-0.0,25.6,96.8,25.1,16.6
2026-03-27 17:48:16.4,-0.0,25.6,96.8,25.1,16.6
2026-03-27 17:48:16.4,-0.0,25.6,96.8,25.1,16.6
2026-03-27 17:48:16.5,-0.0,25.6,96.8,25.1,16.6
2026-03-27 17:48:16.7,0.0,25.6,96.8,25.2,16.6
2026-03-27 17:48:16.8,0.0,25.6,96.8,25.2,16.6
2026-03-27 17:48:16.9,0.0,25.6,96.8,25.2,16.6
2026-03-27 17:48:16.9,0.0,25.6,96.8,25.2,16.6
2026-03-27 17:48:17.1,0.0,25.6,96.8,25.2,16.6
2026-03-27 17:48:17.1,0.0,25.6,96.8,25.2,16.6
2026-03-27 17:48:17.2,0.0,25.6,96.8,25.2,16.6
2026-03-27 17:48:17.4,-0.0,25.6,96.8,25.1,16.6
2026-03-27 17:48:17.6,-0.0,25.6,96.8,25.1,16.6
2026-03-27 17:48:17.9,-0.0,25.6,96.8,25.1,16.6
2026-03-27 17:48:18.0,-0.0,25.6,96.8,25.1,16.6
2026-03-27 17:48:18.1,-0.0,25.6,96.8,25.1,16.6
2026-03-27 17:48:18.2,-0.0,25.6,96.8,25.1,16.6
2026-03-27 17:48:18.3,-0.0,25.6,96.8,25.1,16.6
2026-03-27 17:48:18.4,-0.0,25.6,96.8,25.1,16.6
2026-03-27 17:48:18.4,-0.0,25.6,96.8,25.1,16.6
2026-03-27 17:48:18.5,-0.0,25.6,96.8,25.1,16.6
2026-03-27 17:48:18.7,-0.0,25.6,96.8,25.1,16.6
2026-03-27 17:48:18.8,-0.0,25.6,96.8,25.1,16.6
2026-03-27 17:48:18.8,0.0,25.6,96.8,25.2,16.6
2026-03-27 17:48:18.9,0.0,25.6,96.8,25.2,16.6
2026-03-27 17:48:19.1,0.0,25.6,96.8,25.2,16.6
2026-03-27 17:48:19.2,0.0,25.6,96.8,25.2,16.6
2026-03-27 17:48:19.2,0.0,25.6,96.8,25.2,16.6
2026-03-27 17:48:19.4,0.0,25.6,96.8,25.2,16.6
2026-03-27 17:48:19.6,0.0,25.6,96.8,25.1,16.6
2026-03-27 17:48:19.9,0.0,25.6,96.8,25.1,16.6
2026-03-27 17:48:20.0,0.0,25.6,96.8,25.1,16.6
2026-03-27 17:48:20.1,0.0,25.6,96.8,25.1,16.6
2026-03-27 17:48:20.3,0.0,25.6,96.8,25.2,16.6
2026-03-27 17:48:20.3,0.0,25.6,96.8,25.2,16.6
2026-03-27 17:48:20.4,0.0,25.6,96.8,25.2,16.6
2026-03-27 17:48:20.4,0.0,25.6,96.8,25.2,16.6
2026-03-27 17:48:20.5,0.0,25.6,96.8,25.2,16.6
2026-03-27 17:48:20.7,0.0,25.6,96.8,25.2,16.6
2026-03-27 17:48:20.8,0.0,25.6,96.8,25.2,16.6
2026-03-27 17:48:20.9,0.0,25.6,96.8,25.2,16.6
2026-03-27 17:48:20.9,0.0,25.6,96.8,25.2,16.6
2026-03-27 17:48:21.1,0.0,25.6,96.8,25.1,16.6
2026-03-27 17:48:21.2,0.0,25.6,96.8,25.1,16.6
2026-03-27 17:48:21.3,0.0,25.6,96.8,25.1,16.6
2026-03-27 17:48:21.4,0.0,25.6,96.8,25.1,16.6
2026-03-27 17:48:21.6,0.0,25.6,96.8,25.1,16.6
2026-03-27 17:48:21.9,-0.0,25.6,96.8,25.2,16.6
2026-03-27 17:48:22.0,-0.0,25.6,96.8,25.2,16.6
2026-03-27 17:48:22.1,-0.0,25.6,96.8,25.2,16.6
2026-03-27 17:48:22.3,-0.0,25.6,96.8,25.2,16.6
2026-03-27 17:48:22.4,-0.0,25.6,96.8,25.2,16.6
2026-03-27 17:48:22.4,-0.0,25.6,96.8,25.1,16.5
2026-03-27 17:48:22.5,-0.0,25.6,96.8,25.1,16.5
2026-03-27 17:48:22.5,-0.0,25.6,96.8,25.1,16.5
2026-03-27 17:48:22.7,-0.0,25.6,96.8,25.1,16.5
2026-03-27 17:48:22.8,-0.0,25.6,96.8,25.1,16.5
2026-03-27 17:48:22.9,-0.0,25.6,96.8,25.1,16.5
2026-03-27 17:48:22.9,-0.0,25.6,96.8,25.1,16.5
2026-03-27 17:48:23.1,-0.0,25.6,96.8,25.1,16.5
2026-03-27 17:48:23.2,0.0,25.6,96.8,25.1,16.5
2026-03-27 17:48:23.4,0.0,25.6,96.8,25.1,16.5
2026-03-27 17:48:23.5,0.0,25.6,96.8,25.1,16.5
2026-03-27 17:48:23.6,0.0,25.6,96.8,25.1,16.5
2026-03-27 17:48:23.9,0.0,25.6,96.8,25.2,16.5
2026-03-27 17:48:24.0,0.0,25.6,96.8,25.2,16.5
2026-03-27 17:48:24.0,0.0,25.6,96.8,25.2,16.5
2026-03-27 17:48:24.1,0.0,25.6,96.8,25.2,16.5
2026-03-27 17:48:24.3,0.0,25.6,96.8,25.2,16.5
2026-03-27 17:48:24.4,0.0,25.6,96.8,25.2,16.5
2026-03-27 17:48:24.4,0.0,25.6,96.8,25.2,16.5
2026-03-27 17:48:24.5,0.0,25.6,96.8,25.2,16.5
2026-03-27 17:48:24.5,0.0,25.6,96.8,25.2,16.5
2026-03-27 17:48:24.7,-0.0,25.6,96.8,25.2,16.5
2026-03-27 17:48:24.8,-0.0,25.6,96.8,25.2,16.5
2026-03-27 17:48:24.8,-0.0,25.6,96.8,25.2,16.5
2026-03-27 17:48:24.9,-0.0,25.6,96.8,25.2,16.5
2026-03-27 17:48:25.1,-0.0,25.6,96.8,25.2,16.5
2026-03-27 17:48:25.2,-0.0,25.6,96.8,25.2,16.5
2026-03-27 17:48:25.4,0.0,25.6,96.8,25.2,16.5
2026-03-27 17:48:25.6,0.0,25.6,96.8,25.2,16.5
2026-03-27 17:48:25.6,0.0,25.6,96.8,25.2,16.5
2026-03-27 17:48:25.9,0.0,25.6,96.8,25.2,16.5
2026-03-27 17:48:26.0,0.0,25.6,96.8,25.2,16.5
2026-03-27 17:48:26.0,0.0,25.6,96.8,25.2,16.5
2026-03-27 17:48:26.1,0.0,25.6,96.8,25.2,16.5
2026-03-27 17:48:26.3,0.0,25.6,96.8,25.2,16.5
2026-03-27 17:48:26.4,0.0,25.6,96.8,25.2,16.5
2026-03-27 17:48:26.4,0.0,25.6,96.8,25.2,16.5
2026-03-27 17:48:26.5,0.0,25.6,96.8,25.2,16.5
2026-03-27 17:48:26.7,0.0,25.6,96.8,25.2,16.5
2026-03-27 17:48:26.7,0.0,25.6,96.8,25.1,16.5
2026-03-27 17:48:26.8,0.0,25.6,96.8,25.1,16.5
2026-03-27 17:48:26.9,0.0,25.6,96.8,25.1,16.5
2026-03-27 17:48:26.9,0.0,25.6,96.8,25.1,16.5
2026-03-27 17:48:27.1,0.0,25.6,96.8,25.1,16.5
2026-03-27 17:48:27.2,0.0,25.6,96.8,25.1,16.5
2026-03-27 17:48:27.4,0.0,25.6,96.8,25.1,16.5
2026-03-27 17:48:27.6,-0.0,25.6,96.8,25.2,16.5
2026-03-27 17:48:27.7,-0.0,25.6,96.8,25.2,16.5
2026-03-27 17:48:27.9,-0.0,25.6,96.8,25.2,16.5
2026-03-27 17:48:28.0,-0.0,25.6,96.8,25.2,16.5
2026-03-27 17:48:28.1,-0.0,25.6,96.8,25.2,16.5
2026-03-27 17:48:28.1,-0.0,25.6,96.8,25.2,16.5
2026-03-27 17:48:28.3,-0.0,25.6,96.8,25.2,16.5
2026-03-27 17:48:28.4,-0.0,25.6,96.8,25.2,16.5
2026-03-27 17:48:28.4,-0.0,25.6,96.8,25.2,16.5
2026-03-27 17:48:28.5,-0.0,25.6,96.8,25.2,16.5
2026-03-27 17:48:28.7,-0.0,25.6,96.8,25.2,16.5
2026-03-27 17:48:28.8,-0.0,25.6,96.8,25.2,16.5
2026-03-27 17:48:28.8,-0.0,25.6,96.8,25.2,16.5
2026-03-27 17:48:28.9,0.0,25.6,96.8,25.1,16.5
2026-03-27 17:48:28.9,0.0,25.6,96.8,25.1,16.5
2026-03-27 17:48:29.1,0.0,25.6,96.8,25.1,16.5
2026-03-27 17:48:29.2,0.0,25.6,96.8,25.1,16.5
2026-03-27 17:48:29.4,0.0,25.6,96.8,25.1,16.5
2026-03-27 17:48:29.7,0.0,25.6,96.8,25.2,16.5
2026-03-27 17:48:29.8,0.0,25.6,96.8,25.2,16.5
2026-03-27 17:48:29.9,0.0,25.6,96.8,25.2,16.5
2026-03-27 17:48:30.0,0.0,25.6,96.8,25.2,16.5
2026-03-27 17:48:30.0,0.0,25.6,96.8,25.2,16.5
2026-03-27 17:48:30.1,0.0,25.6,96.8,25.2,16.5
2026-03-27 17:48:30.3,4.1,25.6,96.8,25.1,16.5
2026-03-27 17:48:30.4,4.1,25.6,96.8,25.1,16.5
2026-03-27 17:48:30.4,4.1,25.6,96.8,25.1,16.5
2026-03-27 17:48:30.5,4.1,25.6,96.8,25.1,16.5
2026-03-27 17:48:30.7,4.1,25.6,96.8,25.1,16.5
2026-03-27 17:48:30.8,4.1,25.6,96.8,25.1,16.5
2026-03-27 17:48:30.9,4.1,25.6,96.8,25.1,16.5
2026-03-27 17:48:30.9,4.1,25.6,96.8,25.1,16.5
2026-03-27 17:48:31.0,4.1,25.6,96.8,25.1,16.5
2026-03-27 17:48:31.1,4.1,25.6,96.8,25.0,16.5
2026-03-27 17:48:31.2,4.1,25.6,96.8,25.0,16.5
2026-03-27 17:48:31.4,4.1,25.6,96.8,25.0,16.5
2026-03-27 17:48:31.6,4.1,25.6,96.8,25.0,16.5
2026-03-27 17:48:31.9,4.1,25.6,96.8,25.1,16.5
2026-03-27 17:48:32.0,4.1,25.6,96.8,25.1,16.5
2026-03-27 17:48:32.0,4.1,25.6,96.8,25.1,16.5
2026-03-27 17:48:32.1,4.1,25.6,96.8,25.1,16.5
2026-03-27 17:48:32.1,4.1,25.6,96.8,25.1,16.5
2026-03-27 17:48:32.3,4.1,25.6,96.8,25.1,16.5
2026-03-27 17:48:32.4,4.1,25.6,96.8,25.1,16.5
2026-03-27 17:48:32.4,4.1,25.6,96.8,25.1,16.5
2026-03-27 17:48:32.5,4.1,25.6,96.8,25.1,16.5
2026-03-27 17:48:32.7,4.1,25.6,96.8,25.1,16.5
2026-03-27 17:48:32.8,4.1,25.6,96.8,25.1,16.5
2026-03-27 17:48:32.9,4.1,25.6,96.8,25.1,16.5
2026-03-27 17:48:32.9,4.1,25.6,96.8,25.1,16.5
2026-03-27 17:48:33.1,4.1,25.6,96.8,25.1,16.5
2026-03-27 17:48:33.1,4.1,25.6,96.8,25.1,16.5
2026-03-27 17:48:33.2,4.1,25.6,96.8,25.1,16.5
2026-03-27 17:48:33.4,4.1,25.6,96.8,25.0,16.4
2026-03-27 17:48:33.6,4.1,25.6,96.8,25.0,16.4
2026-03-27 17:48:33.9,4.1,25.6,96.8,25.0,16.4
2026-03-27 17:48:34.0,4.1,25.6,96.8,25.0,16.4
2026-03-27 17:48:34.0,4.1,25.6,96.8,25.0,16.4
2026-03-27 17:48:34.1,4.1,25.6,96.8,25.0,16.4
2026-03-27 17:48:34.2,4.1,25.6,96.8,25.0,16.4
2026-03-27 17:48:34.3,4.1,25.6,96.8,25.0,16.4
2026-03-27 17:48:34.4,4.1,25.6,96.8,25.0,16.4
2026-03-27 17:48:34.4,4.1,25.6,96.8,25.0,16.4
2026-03-27 17:48:34.5,4.1,25.6,96.8,25.0,16.4
2026-03-27 17:48:34.7,4.1,25.6,96.8,25.1,16.4
2026-03-27 17:48:34.8,4.1,25.6,96.8,25.1,16.4
2026-03-27 17:48:34.9,4.1,25.6,96.8,25.1,16.4
2026-03-27 17:48:34.9,4.1,25.6,96.8,25.1,16.4
2026-03-27 17:48:35.1,4.1,25.6,96.8,25.1,16.4
2026-03-27 17:48:35.2,4.1,25.6,96.8,25.1,16.4
2026-03-27 17:48:35.2,4.1,25.6,96.8,25.1,16.4
2026-03-27 17:48:35.4,4.1,25.6,96.8,25.1,16.4
2026-03-27 17:48:35.6,4.1,25.6,96.8,25.1,16.4
2026-03-27 17:48:35.9,4.1,25.6,96.8,25.1,16.4
2026-03-27 17:48:36.0,4.1,25.6,96.8,25.1,16.4
2026-03-27 17:48:36.1,4.1,25.6,96.8,25.1,16.4
2026-03-27 17:48:36.1,4.1,25.6,96.8,25.1,16.4
2026-03-27 17:48:36.3,4.1,25.6,96.8,25.1,16.4
2026-03-27 17:48:36.3,4.1,25.6,96.8,25.1,16.4
2026-03-27 17:48:36.4,4.1,25.6,96.8,25.1,16.4
2026-03-27 17:48:36.4,4.1,25.6,96.8,25.1,16.4
2026-03-27 17:48:36.5,4.1,25.6,96.8,25.1,16.4
2026-03-27 17:48:36.7,4.1,25.6,96.8,25.1,16.4
2026-03-27 17:48:36.8,4.1,25.6,96.8,25.1,16.4
2026-03-27 17:48:36.8,4.1,25.6,96.8,25.1,16.4
2026-03-27 17:48:36.9,4.1,25.6,96.8,25.1,16.4
2026-03-27 17:48:37.1,4.1,25.6,96.8,25.1,16.4
2026-03-27 17:48:37.2,4.1,25.6,96.8,25.1,16.4
2026-03-27 17:48:37.3,4.1,25.6,96.8,25.1,16.4
2026-03-27 17:48:37.4,4.1,25.6,96.8,25.1,16.4
2026-03-27 17:48:37.6,4.1,25.6,96.8,25.0,16.4
2026-03-27 17:48:37.9,4.1,25.6,96.8,25.0,16.4
2026-03-27 17:48:38.0,4.1,25.6,96.8,25.0,16.4
2026-03-27 17:48:38.1,4.1,25.6,96.8,25.0,16.4
2026-03-27 17:48:38.1,4.1,25.6,96.8,25.0,16.4
2026-03-27 17:48:38.3,4.1,25.6,96.8,25.0,16.4
2026-03-27 17:48:38.4,4.1,25.6,96.8,25.0,16.4
2026-03-27 17:48:38.4,4.1,25.6,96.8,25.0,16.4
2026-03-27 17:48:38.5,4.1,25.6,96.8,25.0,16.4
2026-03-27 17:48:38.5,4.1,25.6,96.8,25.0,16.4
2026-03-27 17:48:38.7,4.1,25.6,96.8,25.0,16.4
2026-03-27 17:48:38.8,4.1,25.6,96.8,25.0,16.4
2026-03-27 17:48:38.8,4.1,25.6,96.8,25.0,16.4
2026-03-27 17:48:38.9,4.1,25.6,96.8,25.0,16.4
2026-03-27 17:48:39.1,4.1,25.6,96.8,25.0,16.4
2026-03-27 17:48:39.2,4.1,25.6,96.8,25.0,16.4
2026-03-27 17:48:39.4,4.1,25.6,96.8,25.0,16.4
2026-03-27 17:48:39.5,4.1,25.6,96.8,25.0,16.4
2026-03-27 17:48:39.6,4.1,25.6,96.8,25.0,16.4
2026-03-27 17:48:39.9,4.1,25.6,96.8,25.0,16.4
2026-03-27 17:48:40.0,4.1,25.6,96.8,25.0,16.4
2026-03-27 17:48:40.0,4.1,25.6,96.8,25.0,16.4
2026-03-27 17:48:40.1,4.1,25.6,96.8,25.0,16.4
2026-03-27 17:48:40.3,4.1,25.6,96.8,25.0,16.4
2026-03-27 17:48:40.4,4.1,25.6,96.8,25.0,16.4
2026-03-27 17:48:40.4,4.1,25.6,96.8,25.0,16.4
2026-03-27 17:48:40.5,4.1,25.6,96.8,25.0,16.4
2026-03-27 17:48:40.6,4.1,25.6,96.8,25.0,16.4
2026-03-27 17:48:40.7,4.1,25.6,96.8,25.0,16.4
2026-03-27 17:48:40.8,4.1,25.6,96.8,25.0,16.4
2026-03-27 17:48:40.9,4.1,25.6,96.8,25.0,16.4
2026-03-27 17:48:40.9,4.1,25.6,96.8,25.0,16.4
2026-03-27 17:48:41.1,4.1,25.6,96.8,25.0,16.4
2026-03-27 17:48:41.2,4.1,25.6,96.8,25.0,16.4
2026-03-27 17:48:41.4,4.1,25.6,96.8,25.0,16.4
2026-03-27 17:48:41.6,4.1,25.6,96.8,25.0,16.4
2026-03-27 17:48:41.6,4.1,25.6,96.8,25.0,16.4
2026-03-27 17:48:41.9,4.1,25.6,96.8,25.0,16.4
2026-03-27 17:48:42.0,4.1,25.6,96.8,25.0,16.4
2026-03-27 17:48:42.0,4.1,25.6,96.8,25.0,16.4
2026-03-27 17:48:42.1,4.1,25.6,96.8,25.0,16.4
2026-03-27 17:48:42.3,4.1,25.6,96.8,25.0,16.4
2026-03-27 17:48:42.4,4.1,25.6,96.8,25.0,16.4
2026-03-27 17:48:42.4,4.1,25.6,96.8,25.0,16.4
2026-03-27 17:48:42.5,4.1,25.6,96.8,25.0,16.4
2026-03-27 17:48:42.7,4.1,25.6,96.8,25.0,16.4
2026-03-27 17:48:42.7,4.1,25.6,96.8,25.0,16.4
2026-03-27 17:48:42.8,4.1,25.6,96.8,25.0,16.4
2026-03-27 17:48:42.8,4.1,25.6,96.8,25.0,16.4
2026-03-27 17:48:42.9,4.1,25.6,96.8,25.0,16.4
2026-03-27 17:48:43.1,4.1,25.6,96.8,25.0,16.4
2026-03-27 17:48:43.2,4.1,25.6,96.8,25.0,16.4
2026-03-27 17:48:43.4,4.1,25.6,96.8,25.0,16.4
2026-03-27 17:48:43.6,4.1,25.6,96.8,25.0,16.4
2026-03-27 17:48:43.7,4.1,25.6,96.8,25.0,16.4
2026-03-27 17:48:43.9,4.1,25.6,96.8,25.0,16.4
2026-03-27 17:48:44.0,4.1,25.6,96.8,25.0,16.4
2026-03-27 17:48:44.0,4.1,25.6,96.8,25.0,16.4
2026-03-27 17:48:44.1,4.1,25.6,96.8,25.0,16.4
2026-03-27 17:48:44.3,4.1,25.6,96.8,25.0,16.4
2026-03-27 17:48:44.4,4.1,25.6,96.8,25.0,16.4
2026-03-27 17:48:44.4,4.1,25.6,96.8,25.0,16.4
2026-03-27 17:48:44.5,4.1,25.6,96.8,25.0,16.4
2026-03-27 17:48:44.7,4.1,25.6,96.8,25.0,16.4
2026-03-27 17:48:44.8,4.1,25.6,96.8,25.0,16.4
2026-03-27 17:48:44.8,4.1,25.6,96.8,25.0,16.4
2026-03-27 17:48:44.9,4.1,25.6,96.8,25.0,16.4
2026-03-27 17:48:44.9,4.1,25.6,96.8,25.0,16.4
2026-03-27 17:48:45.1,4.1,25.6,96.8,25.0,16.4
2026-03-27 17:48:45.2,4.1,25.6,96.8,25.0,16.4
2026-03-27 17:48:45.4,4.1,25.6,96.8,25.0,16.4
2026-03-27 17:48:45.6,4.1,25.6,96.8,25.0,16.4
2026-03-27 17:48:45.8,4.1,25.6,96.8,25.0,16.4
2026-03-27 17:48:45.9,4.1,25.6,96.8,25.0,16.4
2026-03-27 17:48:46.0,4.1,25.6,96.8,25.0,16.4
2026-03-27 17:48:46.0,4.1,25.6,96.8,25.0,16.4
2026-03-27 17:48:46.1,4.1,25.6,96.8,25.0,16.4
2026-03-27 17:48:46.3,4.1,25.6,96.8,24.9,16.4
2026-03-27 17:48:46.4,4.1,25.6,96.8,24.9,16.4
2026-03-27 17:48:46.4,4.1,25.6,96.8,24.9,16.4
2026-03-27 17:48:46.5,4.1,25.6,96.8,24.9,16.4
2026-03-27 17:48:46.7,4.1,25.6,96.8,24.9,16.4
2026-03-27 17:48:46.8,4.1,25.6,96.8,24.9,16.4
2026-03-27 17:48:46.8,4.1,25.6,96.8,24.9,16.4
2026-03-27 17:48:46.9,4.1,25.6,96.8,24.9,16.4
2026-03-27 17:48:47.0,4.1,25.6,96.8,24.9,16.4
2026-03-27 17:48:47.1,4.1,25.6,96.8,24.9,16.4
2026-03-27 17:48:47.2,4.1,25.6,96.8,24.9,16.4
2026-03-27 17:48:47.4,4.1,25.6,96.8,24.9,16.4
2026-03-27 17:48:47.6,4.1,25.6,96.8,24.9,16.3
2026-03-27 17:48:47.9,4.1,25.6,96.8,24.9,16.3
2026-03-27 17:48:48.0,4.1,25.6,96.8,24.9,16.3
2026-03-27 17:48:48.0,4.1,25.6,96.8,24.9,16.3
2026-03-27 17:48:48.1,4.1,25.6,96.8,24.9,16.3
2026-03-27 17:48:48.1,4.1,25.6,96.8,24.9,16.3
2026-03-27 17:48:48.3,4.1,25.6,96.8,25.0,16.3
2026-03-27 17:48:48.4,4.1,25.6,96.8,25.0,16.3
2026-03-27 17:48:48.4,4.1,25.6,96.8,25.0,16.3
2026-03-27 17:48:48.5,4.1,25.6,96.8,25.0,16.3
2026-03-27 17:48:48.7,4.1,25.6,96.8,25.0,16.3
2026-03-27 17:48:48.8,4.1,25.6,96.8,25.0,16.3
2026-03-27 17:48:48.9,4.1,25.6,96.8,25.0,16.3
2026-03-27 17:48:48.9,4.1,25.6,96.8,25.0,16.3
2026-03-27 17:48:49.1,4.1,25.6,96.8,25.0,16.3
2026-03-27 17:48:49.1,4.1,25.6,96.8,25.0,16.3
2026-03-27 17:48:49.2,4.1,25.6,96.8,25.0,16.3
2026-03-27 17:48:49.4,4.1,25.6,96.8,25.0,16.3
2026-03-27 17:48:49.6,4.1,25.6,96.8,25.0,16.3
2026-03-27 17:48:49.9,4.1,25.6,96.8,25.0,16.3
2026-03-27 17:48:50.0,4.1,25.6,96.8,25.0,16.3
2026-03-27 17:48:50.0,4.1,25.6,96.8,25.0,16.3
2026-03-27 17:48:50.1,4.1,25.6,96.8,25.0,16.3
2026-03-27 17:48:50.2,4.1,25.6,96.8,25.0,16.3
2026-03-27 17:48:50.3,4.1,25.6,96.8,25.0,16.3
2026-03-27 17:48:50.4,4.1,25.6,96.8,25.0,16.3
2026-03-27 17:48:50.4,4.1,25.6,96.8,25.0,16.3
2026-03-27 17:48:50.5,4.1,25.6,96.8,24.9,16.3
2026-03-27 17:48:50.7,4.1,25.6,96.8,24.9,16.3
2026-03-27 17:48:50.8,4.1,25.6,96.8,24.9,16.3
2026-03-27 17:48:50.9,4.1,25.6,96.8,24.9,16.3
2026-03-27 17:48:50.9,4.1,25.6,96.8,24.9,16.3
2026-03-27 17:48:51.1,4.1,25.6,96.8,24.9,16.3
2026-03-27 17:48:51.2,4.1,25.6,96.8,25.0,16.3
2026-03-27 17:48:51.2,4.1,25.6,96.8,25.0,16.3
2026-03-27 17:48:51.4,4.1,25.6,96.8,25.0,16.3
2026-03-27 17:48:51.6,4.1,25.6,96.8,25.0,16.3
2026-03-27 17:48:51.9,4.1,25.6,96.8,25.0,16.3
2026-03-27 17:48:52.0,4.1,25.6,96.8,25.0,16.3
2026-03-27 17:48:52.0,4.1,25.6,96.8,25.0,16.3
2026-03-27 17:48:52.1,4.1,25.6,96.8,25.0,16.3
2026-03-27 17:48:52.3,4.1,25.6,96.8,25.0,16.3
2026-03-27 17:48:52.3,4.1,25.6,96.8,25.0,16.3
2026-03-27 17:48:52.4,4.1,25.6,96.8,25.0,16.3
2026-03-27 17:48:52.4,4.1,25.6,96.8,25.0,16.3
2026-03-27 17:48:52.5,4.1,25.6,96.8,25.0,16.3
2026-03-27 17:48:52.7,4.1,25.6,96.8,25.0,16.3
2026-03-27 17:48:52.8,4.1,25.6,96.8,25.0,16.3
2026-03-27 17:48:52.9,4.1,25.6,96.8,25.0,16.3
2026-03-27 17:48:52.9,4.1,25.6,96.8,25.0,16.3
2026-03-27 17:48:53.1,4.1,25.6,96.8,25.0,16.3
2026-03-27 17:48:53.2,4.1,25.6,96.8,25.0,16.3
2026-03-27 17:48:53.3,4.1,25.6,96.8,24.9,16.3
2026-03-27 17:48:53.4,4.1,25.6,96.8,24.9,16.3
2026-03-27 17:48:53.6,4.1,25.6,96.8,24.9,16.3
2026-03-27 17:48:53.9,4.1,25.6,96.8,24.9,16.3
2026-03-27 17:48:54.0,4.1,25.6,96.8,24.9,16.3
2026-03-27 17:48:54.0,4.1,25.6,96.8,25.0,16.3
2026-03-27 17:48:54.1,4.1,25.6,96.8,25.0,16.3
2026-03-27 17:48:54.3,4.1,25.6,96.8,25.0,16.3
2026-03-27 17:48:54.4,4.1,25.6,96.8,25.0,16.3
2026-03-27 17:48:54.4,4.1,25.6,96.8,25.0,16.3
2026-03-27 17:48:54.5,4.1,25.6,96.8,25.0,16.3
2026-03-27 17:48:54.5,4.1,25.6,96.8,25.0,16.3
2026-03-27 17:48:54.7,4.1,25.6,96.8,25.0,16.3
2026-03-27 17:48:54.8,4.1,25.6,96.8,24.8,16.3
2026-03-27 17:48:54.8,4.1,25.6,96.8,24.8,16.3
2026-03-27 17:48:54.9,4.1,25.6,96.8,24.8,16.3
2026-03-27 17:48:55.1,4.1,25.6,96.8,24.8,16.3
2026-03-27 17:48:55.2,4.1,25.6,96.8,24.8,16.3
2026-03-27 17:48:55.4,4.1,25.6,96.8,24.8,16.3
2026-03-27 17:48:55.5,4.1,25.6,96.8,24.8,16.3
2026-03-27 17:48:55.6,4.1,25.6,96.8,24.9,16.3
2026-03-27 17:48:56.0,4.1,25.6,96.8,24.9,16.3
2026-03-27 17:48:56.0,4.1,25.6,96.8,24.9,16.3
2026-03-27 17:48:56.1,4.1,25.6,96.8,24.9,16.3
2026-03-27 17:48:56.2,4.1,25.6,96.8,24.9,16.3
2026-03-27 17:48:56.3,4.1,25.6,96.8,24.9,16.3
2026-03-27 17:48:56.4,4.1,25.6,96.8,24.9,16.3
2026-03-27 17:48:56.4,4.1,25.6,96.8,24.9,16.3
2026-03-27 17:48:56.5,4.1,25.6,96.8,24.9,16.3
2026-03-27 17:48:56.5,4.1,25.6,96.8,24.9,16.3
2026-03-27 17:48:56.7,4.1,25.6,96.8,24.9,16.3
2026-03-27 17:48:56.8,4.1,25.6,96.8,24.9,16.3
2026-03-27 17:48:56.9,4.1,25.6,96.8,24.9,16.3
2026-03-27 17:48:56.9,4.1,25.6,96.8,24.9,16.3
2026-03-27 17:48:57.1,4.1,25.6,96.8,24.9,16.3
2026-03-27 17:48:57.2,4.1,25.6,96.8,24.9,16.3
2026-03-27 17:48:57.4,4.1,25.6,96.8,24.9,16.3
2026-03-27 17:48:57.6,4.1,25.6,96.8,24.9,16.3
2026-03-27 17:48:57.6,4.1,25.6,96.8,24.9,16.3
2026-03-27 17:48:57.9,4.1,25.6,96.8,24.9,16.2
2026-03-27 17:48:58.0,4.1,25.6,96.8,24.9,16.2
2026-03-27 17:48:58.0,4.1,25.6,96.8,24.9,16.2
2026-03-27 17:48:58.1,4.1,25.6,96.8,24.9,16.2
2026-03-27 17:48:58.3,4.1,25.6,96.8,24.9,16.2
2026-03-27 17:48:58.4,4.1,25.6,96.8,24.9,16.2
2026-03-27 17:48:58.4,4.1,25.6,96.8,24.9,16.2
2026-03-27 17:48:58.5,4.1,25.6,96.8,24.9,16.2
2026-03-27 17:48:58.7,4.1,25.6,96.8,24.9,16.2
2026-03-27 17:48:58.7,4.1,25.6,96.8,24.9,16.2
2026-03-27 17:48:58.8,4.1,25.6,96.8,24.9,16.2
2026-03-27 17:48:58.8,4.1,25.6,96.8,24.9,16.2
2026-03-27 17:48:58.9,4.1,25.6,96.8,24.9,16.2
2026-03-27 17:48:59.1,4.1,25.6,96.8,24.9,16.2
2026-03-27 17:48:59.2,4.1,25.6,96.8,24.9,16.2
2026-03-27 17:48:59.4,4.1,25.6,96.8,24.9,16.2
2026-03-27 17:48:59.6,4.1,25.6,96.8,24.9,16.2
2026-03-27 17:48:59.7,4.1,25.6,96.8,24.9,16.2
2026-03-27 17:48:59.9,0.6,25.6,96.8,24.9,16.2
2026-03-27 17:49:00.0,0.6,25.6,96.8,24.9,16.2
2026-03-27 17:49:00.0,0.6,25.6,96.8,24.9,16.2
2026-03-27 17:49:00.1,0.6,25.6,96.8,24.9,16.2
2026-03-27 17:49:00.3,0.6,25.6,96.8,24.9,16.2
2026-03-27 17:49:00.4,0.6,25.6,96.8,24.9,16.2
2026-03-27 17:49:00.4,0.6,25.6,96.8,24.9,16.2
2026-03-27 17:49:00.5,0.6,25.6,96.8,24.9,16.2
2026-03-27 17:49:00.7,-0.0,25.6,96.8,24.9,16.2
2026-03-27 17:49:00.8,-0.0,25.6,96.8,24.9,16.2
2026-03-27 17:49:00.8,-0.0,25.6,96.8,24.9,16.2
2026-03-27 17:49:00.9,-0.0,25.6,96.8,24.9,16.2
2026-03-27 17:49:00.9,-0.0,25.6,96.8,24.9,16.2
2026-03-27 17:49:01.1,-0.0,25.6,96.8,24.9,16.2
2026-03-27 17:49:01.2,-0.0,25.6,96.8,24.9,16.2
2026-03-27 17:49:01.4,-0.0,25.6,96.8,25.0,16.2
2026-03-27 17:49:01.6,-0.0,25.6,96.8,25.0,16.2
2026-03-27 17:49:01.8,-0.0,25.6,96.8,25.0,16.2
2026-03-27 17:49:01.9,-0.0,25.6,96.8,25.0,16.2
2026-03-27 17:49:02.0,-0.0,25.6,96.8,24.9,16.2
2026-03-27 17:49:02.1,-0.0,25.6,96.8,24.9,16.2
2026-03-27 17:49:02.1,-0.0,25.6,96.8,24.9,16.2
2026-03-27 17:49:02.3,-0.0,25.6,96.8,24.9,16.2
2026-03-27 17:49:02.4,-0.0,25.6,96.8,24.9,16.2
2026-03-27 17:49:02.4,-0.0,25.6,96.8,24.9,16.2
2026-03-27 17:49:02.5,-0.0,25.6,96.8,24.9,16.2
2026-03-27 17:49:02.7,-0.0,25.6,96.8,25.0,16.2
2026-03-27 17:49:02.8,-0.0,25.6,96.8,25.0,16.2
2026-03-27 17:49:02.9,-0.0,25.6,96.8,25.0,16.2
2026-03-27 17:49:02.9,-0.0,25.6,96.8,25.0,16.2
2026-03-27 17:49:03.0,-0.0,25.6,96.8,25.0,16.2
2026-03-27 17:49:03.1,-0.0,25.6,96.8,25.0,16.2
2026-03-27 17:49:03.2,-0.0,25.6,96.8,25.0,16.2
2026-03-27 17:49:03.5,-0.0,25.6,96.8,25.0,16.2
2026-03-27 17:49:03.6,-0.0,25.6,96.8,25.0,16.2
2026-03-27 17:49:03.9,-0.0,25.6,96.8,25.0,16.2
2026-03-27 17:49:04.0,-0.0,25.6,96.8,25.0,16.2
2026-03-27 17:49:04.0,-0.0,25.6,96.8,25.0,16.2
2026-03-27 17:49:04.1,-0.0,25.6,96.8,25.0,16.2
2026-03-27 17:49:04.1,-0.0,25.6,96.8,24.9,16.2
2026-03-27 17:49:04.3,-0.0,25.6,96.8,24.9,16.2
2026-03-27 17:49:04.4,-0.0,25.6,96.8,24.9,16.2
2026-03-27 17:49:04.4,-0.0,25.6,96.8,24.9,16.2
2026-03-27 17:49:04.5,-0.0,25.6,96.8,24.9,16.2
2026-03-27 17:49:04.7,-0.0,25.6,96.8,24.9,16.2
2026-03-27 17:49:04.8,-0.0,25.6,96.8,24.9,16.2
2026-03-27 17:49:04.9,-0.0,25.6,96.8,25.0,16.2
2026-03-27 17:49:04.9,-0.0,25.6,96.8,25.0,16.2
2026-03-27 17:49:05.1,-0.0,25.6,96.8,25.0,16.2
2026-03-27 17:49:05.1,-0.0,25.6,96.8,25.0,16.2
2026-03-27 17:49:05.2,-0.0,25.6,96.8,25.0,16.2
2026-03-27 17:49:05.4,-0.0,25.6,96.8,25.0,16.2
2026-03-27 17:49:05.6,-0.0,25.6,96.8,25.0,16.2
2026-03-27 17:49:05.9,-0.0,25.6,96.8,25.0,16.2
2026-03-27 17:49:06.0,-0.0,25.6,96.8,25.0,16.2
2026-03-27 17:49:06.1,-0.0,25.6,96.8,25.0,16.2
2026-03-27 17:49:06.1,-0.0,25.6,96.8,25.0,16.2
2026-03-27 17:49:06.2,-0.0,25.6,96.8,25.0,16.2
2026-03-27 17:49:06.3,-0.0,25.6,96.8,25.0,16.2
2026-03-27 17:49:06.4,-0.0,25.6,96.8,25.0,16.2
2026-03-27 17:49:06.4,-0.0,25.6,96.8,25.0,16.2
2026-03-27 17:49:06.5,-0.0,25.6,96.8,25.0,16.2
2026-03-27 17:49:06.7,-0.0,25.6,96.8,25.0,16.2
2026-03-27 17:49:06.8,-0.0,25.6,96.8,25.0,16.2
2026-03-27 17:49:06.9,-0.0,25.6,96.8,25.0,16.2
2026-03-27 17:49:06.9,-0.0,25.6,96.8,25.0,16.2
2026-03-27 17:49:07.1,-0.0,25.6,96.8,25.0,16.2
2026-03-27 17:49:07.2,-0.0,25.6,96.8,25.0,16.2
2026-03-27 17:49:07.2,-0.0,25.6,96.8,25.0,16.2
2026-03-27 17:49:07.4,-0.0,25.6,96.8,25.0,16.2
2026-03-27 17:49:07.6,-0.0,25.6,96.8,25.0,16.2
2026-03-27 17:49:07.9,-0.0,25.6,96.8,25.0,16.2
2026-03-27 17:49:08.0,-0.0,25.6,96.8,25.0,16.2
2026-03-27 17:49:08.0,-0.0,25.6,96.8,25.0,16.2
2026-03-27 17:49:08.1,-0.0,25.6,96.8,25.0,16.2
2026-03-27 17:49:08.3,-0.0,25.6,96.8,25.0,16.2
2026-03-27 17:49:08.3,-0.0,25.6,96.8,25.0,16.2
2026-03-27 17:49:08.4,-0.0,25.6,96.8,25.0,16.2
2026-03-27 17:49:08.4,-0.0,25.6,96.8,25.1,16.2
2026-03-27 17:49:08.5,-0.0,25.6,96.8,25.1,16.2
2026-03-27 17:49:08.7,-0.0,25.6,96.8,25.1,16.2
2026-03-27 17:49:08.8,-0.0,25.6,96.8,25.1,16.2
2026-03-27 17:49:08.8,-0.0,25.6,96.8,25.1,16.2
2026-03-27 17:49:08.9,-0.0,25.6,96.8,25.1,16.2
2026-03-27 17:49:09.1,-0.0,25.6,96.8,25.1,16.2
2026-03-27 17:49:09.2,-0.0,25.6,96.8,25.0,16.2
2026-03-27 17:49:09.3,-0.0,25.6,96.8,25.0,16.2
2026-03-27 17:49:09.4,-0.0,25.6,96.8,25.0,16.2
2026-03-27 17:49:09.6,-0.0,25.6,96.8,25.0,16.2
2026-03-27 17:49:09.9,-0.0,25.6,96.8,25.1,16.2
2026-03-27 17:49:10.0,-0.0,25.6,96.8,25.1,16.2
2026-03-27 17:49:10.0,-0.0,25.6,96.8,25.1,16.2
2026-03-27 17:49:10.1,-0.0,25.6,96.8,25.1,16.2
2026-03-27 17:49:10.3,-0.0,25.6,96.8,25.1,16.2
2026-03-27 17:49:10.4,-0.0,25.6,96.8,25.1,16.2
2026-03-27 17:49:10.4,-0.0,25.6,96.8,25.1,16.2
2026-03-27 17:49:10.5,-0.0,25.6,96.8,25.1,16.2
2026-03-27 17:49:10.5,-0.0,25.6,96.8,25.1,16.2
2026-03-27 17:49:10.7,-0.0,25.6,96.8,25.0,16.2
2026-03-27 17:49:10.8,-0.0,25.6,96.8,25.0,16.2
2026-03-27 17:49:10.9,-0.0,25.6,96.8,25.0,16.2
2026-03-27 17:49:10.9,-0.0,25.6,96.8,25.0,16.2
2026-03-27 17:49:11.1,-0.0,25.6,96.8,25.0,16.2
2026-03-27 17:49:11.2,-0.0,25.6,96.8,25.0,16.2
2026-03-27 17:49:11.4,-0.0,25.6,96.8,25.0,16.2
2026-03-27 17:49:11.5,-0.0,25.6,96.8,25.0,16.2
2026-03-27 17:49:11.6,-0.0,25.6,96.8,25.0,16.2
2026-03-27 17:49:11.9,-0.0,25.6,96.8,25.0,16.2
2026-03-27 17:49:12.0,-0.0,25.6,96.8,25.0,16.2
2026-03-27 17:49:12.1,-0.0,25.6,96.8,25.0,16.2
2026-03-27 17:49:12.1,-0.0,25.6,96.8,25.0,16.2
2026-03-27 17:49:12.3,-0.0,25.6,96.8,25.0,16.2
2026-03-27 17:49:12.4,-0.0,25.6,96.8,25.0,16.2
2026-03-27 17:49:12.4,-0.0,25.6,96.8,25.0,16.2
2026-03-27 17:49:12.5,-0.0,25.6,96.8,25.0,16.2
2026-03-27 17:49:12.5,-0.0,25.6,96.8,25.0,16.2
2026-03-27 17:49:12.7,-0.0,25.6,96.8,25.0,16.2
2026-03-27 17:49:12.8,-0.0,25.6,96.8,25.1,16.2
2026-03-27 17:49:12.9,-0.0,25.6,96.8,25.1,16.2
2026-03-27 17:49:12.9,-0.0,25.6,96.8,25.1,16.2
2026-03-27 17:49:13.1,-0.0,25.6,96.8,25.1,16.2
2026-03-27 17:49:13.2,-0.0,25.6,96.8,25.1,16.2
2026-03-27 17:49:13.4,-0.0,25.6,96.8,25.1,16.2
2026-03-27 17:49:13.6,-0.0,25.6,96.8,25.1,16.1
2026-03-27 17:49:13.6,-0.0,25.6,96.8,25.1,16.1
2026-03-27 17:49:13.9,-0.0,25.6,96.8,25.1,16.1
2026-03-27 17:49:14.0,-0.0,25.6,96.8,25.1,16.1
2026-03-27 17:49:14.0,-0.0,25.6,96.8,25.1,16.1
2026-03-27 17:49:14.1,-0.0,25.6,96.8,25.1,16.1
2026-03-27 17:49:14.3,-0.0,25.6,96.8,25.0,16.2
2026-03-27 17:49:14.4,-0.0,25.6,96.8,25.0,16.2
2026-03-27 17:49:14.4,-0.0,25.6,96.8,25.0,16.2
2026-03-27 17:49:14.5,-0.0,25.6,96.8,25.0,16.2
2026-03-27 17:49:14.7,-0.0,25.6,96.8,25.0,16.2
2026-03-27 17:49:14.7,-0.0,25.6,96.8,25.0,16.2
2026-03-27 17:49:14.8,-0.0,25.6,96.8,25.0,16.2
2026-03-27 17:49:14.9,-0.0,25.6,96.8,25.0,16.2
2026-03-27 17:49:14.9,-0.0,25.6,96.8,25.1,16.1
2026-03-27 17:49:15.1,-0.0,25.6,96.8,25.1,16.1
2026-03-27 17:49:15.2,-0.0,25.6,96.8,25.1,16.1
2026-03-27 17:49:15.4,-0.0,25.6,96.8,25.1,16.1
2026-03-27 17:49:15.6,-0.0,25.6,96.8,25.1,16.1
2026-03-27 17:49:15.7,-0.0,25.6,96.8,25.1,16.1
2026-03-27 17:49:15.9,-0.0,25.6,96.8,25.1,16.1
2026-03-27 17:49:16.0,-0.0,25.6,96.8,25.1,16.1
2026-03-27 17:49:16.0,-0.0,25.6,96.8,25.1,16.1
2026-03-27 17:49:16.1,-0.0,25.6,96.8,25.1,16.1
2026-03-27 17:49:16.3,-0.0,25.6,96.8,25.1,16.1
2026-03-27 17:49:16.4,-0.0,25.6,96.8,25.0,16.1
2026-03-27 17:49:16.4,-0.0,25.6,96.8,25.0,16.1
2026-03-27 17:49:16.5,-0.0,25.6,96.8,25.0,16.1
2026-03-27 17:49:16.7,-0.0,25.6,96.8,25.0,16.1
2026-03-27 17:49:16.8,-0.0,25.6,96.8,25.0,16.1
2026-03-27 17:49:16.8,-0.0,25.6,96.8,25.0,16.1
2026-03-27 17:49:16.9,-0.0,25.6,96.8,25.0,16.1
2026-03-27 17:49:16.9,-0.0,25.6,96.8,25.0,16.1
2026-03-27 17:49:17.1,-0.0,25.6,96.8,25.1,16.1
2026-03-27 17:49:17.2,-0.0,25.6,96.8,25.1,16.1
2026-03-27 17:49:17.4,-0.0,25.6,96.8,25.1,16.1
2026-03-27 17:49:17.6,-0.0,25.6,96.8,25.1,16.1
2026-03-27 17:49:17.8,-0.0,25.6,96.8,25.0,16.1
2026-03-27 17:49:17.9,-0.0,25.6,96.8,25.0,16.1
2026-03-27 17:49:18.0,-0.0,25.6,96.8,25.0,16.1
2026-03-27 17:49:18.0,-0.0,25.6,96.8,25.0,16.1
2026-03-27 17:49:18.1,-0.0,25.6,96.8,25.0,16.1
2026-03-27 17:49:18.3,-0.0,25.6,96.8,25.0,16.1
2026-03-27 17:49:18.4,-0.0,25.6,96.8,25.0,16.1
2026-03-27 17:49:18.4,-0.0,25.6,96.8,25.0,16.1
2026-03-27 17:49:18.5,-0.0,25.6,96.8,25.0,16.1
2026-03-27 17:49:18.7,-0.0,25.6,96.8,25.0,16.1
2026-03-27 17:49:18.8,-0.0,25.6,96.8,25.0,16.1
2026-03-27 17:49:18.8,-0.0,25.6,96.8,25.0,16.1
2026-03-27 17:49:18.9,-0.0,25.6,96.8,25.0,16.1
2026-03-27 17:49:18.9,-0.0,25.6,96.8,25.0,16.1
2026-03-27 17:49:19.1,-0.0,25.6,96.8,25.0,16.1
2026-03-27 17:49:19.2,-0.0,25.6,96.8,25.0,16.1
2026-03-27 17:49:19.4,-0.0,25.6,96.8,25.1,16.1
2026-03-27 17:49:19.6,-0.0,25.6,96.8,25.1,16.1
2026-03-27 17:49:19.9,-0.0,25.6,96.8,25.1,16.1
2026-03-27 17:49:20.0,-0.0,25.6,96.8,25.1,16.1
2026-03-27 17:49:20.0,-0.0,25.6,96.8,25.1,16.1
2026-03-27 17:49:20.1,-0.0,25.6,96.8,25.1,16.1
2026-03-27 17:49:20.1,-0.0,25.6,96.8,25.1,16.1
2026-03-27 17:49:20.3,-0.0,25.6,96.8,25.1,16.1
2026-03-27 17:49:20.4,-0.0,25.6,96.8,25.1,16.1
2026-03-27 17:49:20.4,-0.0,25.6,96.8,25.1,16.1
2026-03-27 17:49:20.5,-0.0,25.6,96.8,25.1,16.1
2026-03-27 17:49:20.7,-0.0,25.6,96.8,25.1,16.1
2026-03-27 17:49:20.8,-0.0,25.6,96.8,25.1,16.1
2026-03-27 17:49:20.8,-0.0,25.6,96.8,25.1,16.1
2026-03-27 17:49:20.9,-0.0,25.6,96.8,25.1,16.1
2026-03-27 17:49:21.1,-0.0,25.6,96.8,25.1,16.1
2026-03-27 17:49:21.1,-0.0,25.6,96.8,25.1,16.1
2026-03-27 17:49:21.2,-0.0,25.6,96.8,25.1,16.1
2026-03-27 17:49:21.4,-0.0,25.6,96.8,25.0,16.1
2026-03-27 17:49:21.6,-0.0,25.6,96.8,25.0,16.1
2026-03-27 17:49:21.9,-0.0,25.6,96.8,25.0,16.1
2026-03-27 17:49:22.0,-0.0,25.6,96.8,25.0,16.1
2026-03-27 17:49:22.0,-0.0,25.6,96.8,25.0,16.1
2026-03-27 17:49:22.1,-0.0,25.6,96.8,25.1,16.1
2026-03-27 17:49:22.2,-0.0,25.6,96.8,25.1,16.1
2026-03-27 17:49:22.3,-0.0,25.6,96.8,25.1,16.1
2026-03-27 17:49:22.4,-0.0,25.6,96.8,25.1,16.1
2026-03-27 17:49:22.4,-0.0,25.6,96.8,25.1,16.1
2026-03-27 17:49:22.5,-0.0,25.6,96.8,25.1,16.1
2026-03-27 17:49:22.7,-0.0,25.6,96.8,25.1,16.1
2026-03-27 17:49:22.8,-0.0,25.6,96.8,25.1,16.1
2026-03-27 17:49:22.9,-0.0,25.6,96.8,25.1,16.1
2026-03-27 17:49:22.9,-0.0,25.6,96.8,25.1,16.1
2026-03-27 17:49:23.1,-0.0,25.6,96.8,25.1,16.1
2026-03-27 17:49:23.2,-0.0,25.6,96.8,25.1,16.1
2026-03-27 17:49:23.2,-0.0,25.6,96.8,25.1,16.1
2026-03-27 17:49:23.4,-0.0,25.6,96.8,25.1,16.1
2026-03-27 17:49:23.6,-0.0,25.6,96.8,25.1,16.1
2026-03-27 17:49:23.9,-0.0,25.6,96.8,25.1,16.1
2026-03-27 17:49:24.0,-0.0,25.6,96.8,25.1,16.1
2026-03-27 17:49:24.1,-0.0,25.6,96.8,25.1,16.1
2026-03-27 17:49:24.1,-0.0,25.6,96.8,25.1,16.1
2026-03-27 17:49:24.3,-0.0,25.6,96.8,25.0,16.1
2026-03-27 17:49:24.3,-0.0,25.6,96.8,25.0,16.1
2026-03-27 17:49:24.4,-0.0,25.6,96.8,25.0,16.1
2026-03-27 17:49:24.4,-0.0,25.6,96.8,25.0,16.1
2026-03-27 17:49:24.5,-0.0,25.6,96.8,25.0,16.1
2026-03-27 17:49:24.7,-0.0,25.6,96.8,25.0,16.1
2026-03-27 17:49:24.8,-0.0,25.6,96.8,25.0,16.1
2026-03-27 17:49:24.9,-0.0,25.6,96.8,25.0,16.1
2026-03-27 17:49:24.9,-0.0,25.6,96.8,25.0,16.1
2026-03-27 17:49:25.1,-0.0,25.6,96.8,25.1,16.1
2026-03-27 17:49:25.2,-0.0,25.6,96.8,25.1,16.1
2026-03-27 17:49:25.3,-0.0,25.6,96.8,25.1,16.1
2026-03-27 17:49:25.4,-0.0,25.6,96.8,25.1,16.1
2026-03-27 17:49:25.6,-0.0,25.6,96.8,25.1,16.1
2026-03-27 17:49:25.9,-0.0,25.6,96.8,25.0,16.1
2026-03-27 17:49:26.0,-0.0,25.6,96.8,25.0,16.1
2026-03-27 17:49:26.0,-0.0,25.6,96.8,25.0,16.1
2026-03-27 17:49:26.1,-0.0,25.6,96.8,25.0,16.1
2026-03-27 17:49:26.3,-0.0,25.6,96.8,25.0,16.1
2026-03-27 17:49:26.4,-0.0,25.6,96.8,25.0,16.1
2026-03-27 17:49:26.4,-0.0,25.6,96.8,25.1,16.1
2026-03-27 17:49:26.5,-0.0,25.6,96.8,25.1,16.1
2026-03-27 17:49:26.5,-0.0,25.6,96.8,25.1,16.1
2026-03-27 17:49:26.7,-0.0,25.6,96.8,25.1,16.1
2026-03-27 17:49:26.8,-0.0,25.6,96.8,25.1,16.1
2026-03-27 17:49:26.8,-0.0,25.6,96.8,25.1,16.1
2026-03-27 17:49:26.9,-0.0,25.6,96.8,25.1,16.1
2026-03-27 17:49:27.1,-0.0,25.6,96.8,25.1,16.1
2026-03-27 17:49:27.2,-0.0,25.6,96.8,25.0,16.1
2026-03-27 17:49:27.4,-0.0,25.6,96.8,25.0,16.1
2026-03-27 17:49:27.5,-0.0,25.6,96.8,25.0,16.1
2026-03-27 17:49:27.6,-0.0,25.6,96.8,25.0,16.1
2026-03-27 17:49:27.9,-0.0,25.6,96.8,25.0,16.1
2026-03-27 17:49:28.0,-0.0,25.6,96.8,25.0,16.1
2026-03-27 17:49:28.0,-0.0,25.6,96.8,25.0,16.1
2026-03-27 17:49:28.1,-0.0,25.6,96.8,25.0,16.1
2026-03-27 17:49:28.3,-0.0,25.6,96.8,25.0,16.1
2026-03-27 17:49:28.4,-0.0,25.6,96.8,25.0,16.1
2026-03-27 17:49:28.4,-0.0,25.6,96.8,25.0,16.1
2026-03-27 17:49:28.5,-0.0,25.6,96.8,25.0,16.1
2026-03-27 17:49:28.5,-0.0,25.6,96.8,25.0,16.1
2026-03-27 17:49:28.7,-0.0,25.6,96.8,25.1,16.1
2026-03-27 17:49:28.8,-0.0,25.6,96.8,25.1,16.1
2026-03-27 17:49:28.9,-0.0,25.6,96.8,25.1,16.1
2026-03-27 17:49:28.9,-0.0,25.6,96.8,25.1,16.1
2026-03-27 17:49:29.1,-0.0,25.6,96.8,25.1,16.1
2026-03-27 17:49:29.2,-0.0,25.6,96.8,25.1,16.1
2026-03-27 17:49:29.4,-0.0,25.6,96.8,25.1,16.1
2026-03-27 17:49:29.6,-0.0,25.6,96.8,25.1,16.1
2026-03-27 17:49:29.6,-0.0,25.6,96.8,25.1,16.1
2026-03-27 17:49:29.9,-0.0,25.6,96.8,25.1,16.1
2026-03-27 17:49:30.0,-0.0,25.6,96.8,25.1,16.1
2026-03-27 17:49:30.0,-0.0,25.6,96.8,25.1,16.1
2026-03-27 17:49:30.1,-0.0,25.6,96.8,25.1,16.1
2026-03-27 17:49:30.3,-0.0,25.6,96.8,25.1,16.1
2026-03-27 17:49:30.4,-0.0,25.6,96.8,25.1,16.1
2026-03-27 17:49:30.4,-0.0,25.6,96.8,25.1,16.1
2026-03-27 17:49:30.5,-0.0,25.6,96.8,25.1,16.1
2026-03-27 17:49:30.7,-0.0,25.6,96.8,25.1,16.1
2026-03-27 17:49:30.7,-0.0,25.6,96.8,25.1,16.1
2026-03-27 17:49:30.8,-0.0,25.6,96.8,25.1,16.1
2026-03-27 17:49:30.9,-0.0,25.6,96.8,25.1,16.1
2026-03-27 17:49:30.9,-0.0,25.6,96.8,25.1,16.1
2026-03-27 17:49:31.1,-0.0,25.6,96.8,25.1,16.1
2026-03-27 17:49:31.2,-0.0,25.6,96.8,25.1,16.1
2026-03-27 17:49:31.4,-0.0,25.6,96.8,25.1,16.1
2026-03-27 17:49:31.6,-0.0,25.6,96.8,25.0,16.1
2026-03-27 17:49:31.7,-0.0,25.6,96.8,25.0,16.1
2026-03-27 17:49:31.9,-0.0,25.6,96.8,25.0,16.1
2026-03-27 17:49:32.0,-0.0,25.6,96.8,25.0,16.1
2026-03-27 17:49:32.0,-0.0,25.6,96.8,25.0,16.1
2026-03-27 17:49:32.1,-0.0,25.6,96.8,25.0,16.1
2026-03-27 17:49:32.3,-0.0,25.6,96.8,25.1,16.1
2026-03-27 17:49:32.4,-0.0,25.6,96.8,25.1,16.1
2026-03-27 17:49:32.4,-0.0,25.6,96.8,25.1,16.1
2026-03-27 17:49:32.5,-0.0,25.6,96.8,25.1,16.1
2026-03-27 17:49:32.7,-0.0,25.6,96.8,25.1,16.1
2026-03-27 17:49:32.8,-0.0,25.6,96.8,25.1,16.1
2026-03-27 17:49:32.8,-0.0,25.6,96.8,25.1,16.1
2026-03-27 17:49:32.9,-0.0,25.6,96.8,25.0,16.1
2026-03-27 17:49:32.9,-0.0,25.6,96.8,25.0,16.1
2026-03-27 17:49:33.1,-0.0,25.6,96.8,25.0,16.1
2026-03-27 17:49:33.2,-0.0,25.6,96.8,25.0,16.1
2026-03-27 17:49:33.4,-0.0,25.6,96.8,25.0,16.1
2026-03-27 17:49:33.6,-0.0,25.6,96.8,25.0,16.1
2026-03-27 17:49:33.8,-0.0,25.6,96.8,25.1,16.1
2026-03-27 17:49:33.9,-0.0,25.6,96.8,25.1,16.1
2026-03-27 17:49:34.0,-0.0,25.6,96.8,25.1,16.1
2026-03-27 17:49:34.0,-0.0,25.6,96.8,25.1,16.1
2026-03-27 17:49:34.1,-0.0,25.6,96.8,25.1,16.1
2026-03-27 17:49:34.3,-0.0,25.6,96.8,25.1,16.1
2026-03-27 17:49:34.4,-0.0,25.6,96.8,25.1,16.1
2026-03-27 17:49:34.4,-0.0,25.6,96.8,25.1,16.1
2026-03-27 17:49:34.5,-0.0,25.6,96.8,25.1,16.1
2026-03-27 17:49:34.7,-0.0,25.6,96.8,25.1,16.1
2026-03-27 17:49:34.8,-0.0,25.6,96.8,25.1,16.1
2026-03-27 17:49:34.9,-0.0,25.6,96.8,25.1,16.1
2026-03-27 17:49:34.9,-0.0,25.6,96.8,25.1,16.1
2026-03-27 17:49:35.0,-0.0,25.6,96.8,25.1,16.1
2026-03-27 17:49:35.1,-0.0,25.6,96.8,25.1,16.1
2026-03-27 17:49:35.2,-0.0,25.6,96.8,25.1,16.1
2026-03-27 17:49:35.4,-0.0,25.6,96.8,25.1,16.1
2026-03-27 17:49:35.6,-0.0,25.6,96.8,25.1,16.1
2026-03-27 17:49:35.9,-0.0,25.6,96.8,25.1,16.1
2026-03-27 17:49:36.0,-0.0,25.6,96.8,25.1,16.1
2026-03-27 17:49:36.0,-0.0,25.6,96.8,25.1,16.1
2026-03-27 17:49:36.1,-0.0,25.6,96.8,25.1,16.1
2026-03-27 17:49:36.1,-0.0,25.6,96.8,25.1,16.1
2026-03-27 17:49:36.3,-0.0,25.6,96.8,25.1,16.1
2026-03-27 17:49:36.4,-0.0,25.6,96.8,25.1,16.1
2026-03-27 17:49:36.4,-0.0,25.6,96.8,25.1,16.1
2026-03-27 17:49:36.5,-0.0,25.6,96.8,25.1,16.1
2026-03-27 17:49:36.7,-0.0,25.6,96.8,25.1,16.1
2026-03-27 17:49:36.8,-0.0,25.6,96.8,25.1,16.1
2026-03-27 17:49:36.8,-0.0,25.6,96.8,25.1,16.1
2026-03-27 17:49:36.9,-0.0,25.6,96.8,25.1,16.1
2026-03-27 17:49:37.1,-0.0,25.6,96.8,25.1,16.1
2026-03-27 17:49:37.1,-0.0,25.6,96.8,25.1,16.1
2026-03-27 17:49:37.2,-0.0,25.6,96.8,25.1,16.1
2026-03-27 17:49:37.4,-0.0,25.6,96.8,25.1,16.0
2026-03-27 17:49:37.6,-0.0,25.6,96.8,25.1,16.0
2026-03-27 17:49:37.9,-0.0,25.6,96.8,25.1,16.0
2026-03-27 17:49:38.0,-0.0,25.6,96.8,25.1,16.0
2026-03-27 17:49:38.0,-0.0,25.6,96.8,25.1,16.0
2026-03-27 17:49:38.1,-0.0,25.6,96.8,25.1,16.0
2026-03-27 17:49:38.2,-0.0,25.6,96.8,25.1,16.0
2026-03-27 17:49:38.3,-0.0,25.6,96.8,25.1,16.0
2026-03-27 17:49:38.4,-0.0,25.6,96.8,25.1,16.0
2026-03-27 17:49:38.4,-0.0,25.6,96.8,25.1,16.0
2026-03-27 17:49:38.5,-0.0,25.6,96.8,25.1,16.0
2026-03-27 17:49:38.7,-0.0,25.6,96.8,25.1,16.0
2026-03-27 17:49:38.8,-0.0,25.6,96.8,25.1,16.0
2026-03-27 17:49:38.9,-0.0,25.6,96.8,25.1,16.0
2026-03-27 17:49:38.9,-0.0,25.6,96.8,25.1,16.0
2026-03-27 17:49:39.1,-0.0,25.6,96.8,25.1,16.0
2026-03-27 17:49:39.2,-0.0,25.6,96.8,25.1,16.0
2026-03-27 17:49:39.2,-0.0,25.6,96.8,25.1,16.0
2026-03-27 17:49:39.4,-0.0,25.6,96.8,25.1,16.0
2026-03-27 17:49:39.6,-0.0,25.6,96.8,25.1,16.0
2026-03-27 17:49:39.9,-0.0,25.6,96.8,25.1,16.0
2026-03-27 17:49:40.0,-0.0,25.6,96.8,25.1,16.0
2026-03-27 17:49:40.0,-0.0,25.6,96.8,25.1,16.0
2026-03-27 17:49:40.1,-0.0,25.6,96.8,25.1,16.0
2026-03-27 17:49:40.3,-0.0,25.6,96.8,25.1,16.0
2026-03-27 17:49:40.3,-0.0,25.6,96.8,25.1,16.0
2026-03-27 17:49:40.4,-0.0,25.6,96.8,25.1,16.0
2026-03-27 17:49:40.4,-0.0,25.6,96.8,25.1,16.0
2026-03-27 17:49:40.5,-0.0,25.6,96.8,25.1,16.0
2026-03-27 17:49:40.7,-0.0,25.6,96.8,25.1,16.0
2026-03-27 17:49:40.8,-0.0,25.6,96.8,25.1,16.0
2026-03-27 17:49:40.9,-0.0,25.6,96.8,25.1,16.0
2026-03-27 17:49:40.9,-0.0,25.6,96.8,25.1,16.0
2026-03-27 17:49:41.1,-0.0,25.6,96.8,25.1,16.0
2026-03-27 17:49:41.2,-0.0,25.6,96.8,25.1,16.0
2026-03-27 17:49:41.3,-0.0,25.6,96.8,25.1,16.0
2026-03-27 17:49:41.4,-0.0,25.6,96.8,25.1,16.0
2026-03-27 17:49:41.6,-0.0,25.6,96.8,25.1,16.1
2026-03-27 17:49:41.9,-0.0,25.6,96.8,25.1,16.1
2026-03-27 17:49:42.0,-0.0,25.6,96.8,25.1,16.1
2026-03-27 17:49:42.0,-0.0,25.6,96.8,25.1,16.1
2026-03-27 17:49:42.1,-0.0,25.6,96.8,25.1,16.1
2026-03-27 17:49:42.3,-0.0,25.6,96.8,25.1,16.0
2026-03-27 17:49:42.4,-0.0,25.6,96.8,25.1,16.0
2026-03-27 17:49:42.4,-0.0,25.6,96.8,25.1,16.0
2026-03-27 17:49:42.5,-0.0,25.6,96.8,25.1,16.0
2026-03-27 17:49:42.5,-0.0,25.6,96.8,25.1,16.0
2026-03-27 17:49:42.7,-0.0,25.6,96.8,25.1,16.0
2026-03-27 17:49:42.8,-0.0,25.6,96.8,25.1,16.0
2026-03-27 17:49:42.8,-0.0,25.6,96.8,25.1,16.0
2026-03-27 17:49:42.9,-0.0,25.6,96.8,25.1,16.0
2026-03-27 17:49:43.1,-0.0,25.6,96.8,25.1,16.0
2026-03-27 17:49:43.2,-0.0,25.6,96.8,25.1,16.0
2026-03-27 17:49:43.4,-0.0,25.6,96.8,25.1,16.0
2026-03-27 17:49:43.5,-0.0,25.6,96.8,25.1,16.0
2026-03-27 17:49:43.6,-0.0,25.6,96.8,25.1,16.0
2026-03-27 17:49:43.9,-0.0,25.6,96.8,25.0,16.0
2026-03-27 17:49:44.0,-0.0,25.6,96.8,25.0,16.0
2026-03-27 17:49:44.0,-0.0,25.6,96.8,25.0,16.0
2026-03-27 17:49:44.1,-0.0,25.6,96.8,25.0,16.0
2026-03-27 17:49:44.3,-0.0,25.6,96.8,25.0,16.0
2026-03-27 17:49:44.4,-0.0,25.6,96.8,25.0,16.0
2026-03-27 17:49:44.4,-0.0,25.6,96.8,25.0,16.0
2026-03-27 17:49:44.5,-0.0,25.6,96.8,25.0,16.0
2026-03-27 17:49:44.5,-0.0,25.6,96.8,25.0,16.0
2026-03-27 17:49:44.7,-0.0,25.6,96.8,25.0,16.0
2026-03-27 17:49:44.8,-0.0,25.6,96.8,25.0,16.0
2026-03-27 17:49:44.9,-0.0,25.6,96.8,25.0,16.0
2026-03-27 17:49:44.9,-0.0,25.6,96.8,25.0,16.0
2026-03-27 17:49:45.1,-0.0,25.6,96.8,25.0,16.0
2026-03-27 17:49:45.2,-0.0,25.6,96.8,25.1,16.0
2026-03-27 17:49:45.4,-0.0,25.6,96.8,25.1,16.0
2026-03-27 17:49:45.6,-0.0,25.6,96.8,25.1,16.0
2026-03-27 17:49:45.6,-0.0,25.6,96.8,25.1,16.0
2026-03-27 17:49:45.9,-0.0,25.6,96.8,25.1,16.0
2026-03-27 17:49:46.0,-0.0,25.6,96.8,25.1,16.0
2026-03-27 17:49:46.0,-0.0,25.6,96.8,25.1,16.0
2026-03-27 17:49:46.1,-0.0,25.6,96.8,25.1,16.0
2026-03-27 17:49:46.3,-0.0,25.6,96.8,25.1,16.0
2026-03-27 17:49:46.4,-0.0,25.6,96.8,25.1,16.0
2026-03-27 17:49:46.4,-0.0,25.6,96.8,25.1,16.0
2026-03-27 17:49:46.5,-0.0,25.6,96.8,25.1,16.0
2026-03-27 17:49:46.7,-0.0,25.6,96.8,25.1,16.0
2026-03-27 17:49:46.7,-0.0,25.6,96.8,25.1,16.0
2026-03-27 17:49:46.8,-0.0,25.6,96.8,25.1,16.0
2026-03-27 17:49:46.8,-0.0,25.6,96.8,25.1,16.0
2026-03-27 17:49:46.9,-0.0,25.6,96.8,25.1,16.0
2026-03-27 17:49:47.1,-0.0,25.6,96.8,25.1,16.0
